1,17,pbkdf2_sha256$600000$QWo6AZGh42mQUVVzmBLrNQ$ApZkERdoExxTT9KistTnkrBRtZhVdDFGaHFk2B90hSc=,1,222adinadin@gmail.com,false,2024-02-13 18:49:03.931000 +00:00,UTC,,false,1,true,AAWWQDUV5HPLMKA74WSPJ6AM2K3CVGJP
2,29,pbkdf2_sha256$600000$Na75bJUIax70T7DtvlupcD$Ji54d2d9PzPyJASQ95je9r41T4PuEEbgmk7L6cE2jVQ=,1,sdfsfF3%dsdfd@gmail.com,false,2024-02-13 18:49:21.738000 +00:00,UTC,,false,1,true,AAWWQDUV5HPLMKA74WSPJ6AM2K3CVGJP
3,9,pbkdf2_sha256$600000$K9Uws38CF2eJF5R6jqXQ7y$WepZ6Q2CjZJmXwf2roBStzVO7VPI7OQLI8ItyuDml3w=,1,22adinadsdfin@gmail.com,false,2024-02-13 18:48:44.554000 +00:00,UTC,,false,1,true,AAWWQDUV5HPLMKA74WSPJ6AM2K3CVGJP
4,12,pbkdf2_sha256$600000$c7JcsAz4rBnxfMdHqWZdwG$qmB9Bp+t6v/yyqNm/B/yB0bC8FrWhf5W3vC82LnTk+s=,1,sdfsfFsds3%dsfd@gmail.com,false,2024-02-13 18:48:49.940000 +00:00,UTC,,false,1,true,AAWWQDUV5HPLMKA74WSPJ6AM2K3CVGJP
5,37,pbkdf2_sha256$600000$jFrM40ccVjvVfgMwGQiTGU$/nOHmYysLKWe5is/v1z4NdcnLAHY7C0GosD7YEMJqgk=,2,test1merch@gmail.com,false,2024-02-12 00:17:05.402000 +00:00,UTC,2024-02-12 00:17:05.402000 +00:00,false,2,false,CHMQTYGU7OEH6ZE6NTC5UTAXSCLXZJL4
6,6,pbkdf2_sha256$600000$qM2ypexqL4j5GSCcr3DiCm$dN3f2xYDSV0A5hi+ISdyok9eJPAw0MikVourHcSJooM=,1,sdfsfFd3%dsfd@gmail.com,false,2024-02-13 18:48:41.092000 +00:00,UTC,,false,1,true,AAWWQDUV5HPLMKA74WSPJ6AM2K3CVGJP
7,5,pbkdf2_sha256$600000$CY7c9PdTQNNtwO7ziKYB4u$BFSOy9cKh7lTWIPt3PA6BOGnV+WF4sUH3C/tVzn5sg4=,1,sdfsfF3%dsfd@gmail.com,false,2024-02-13 18:48:40.308000 +00:00,UTC,,false,1,true,AAWWQDUV5HPLMKA74WSPJ6AM2K3CVGJP
8,34,pbkdf2_sha256$600000$TPRxxHdchcY0ur0sqeqsQb$3PzxrMrDVT9Ne8UfyJ7nxDr2s/GHZiNYVjjk+s1VeoM=,1,sdfsfdsF3%dsfd@gmail.com,false,2024-02-13 18:49:28.474000 +00:00,UTC,,false,1,true,AAWWQDUV5HPLMKA74WSPJ6AM2K3CVGJP
9,21,pbkdf2_sha256$600000$CJ0qeYWG2dHTQsVKd6PDhJ$aBwn29anSdI01dq+rvsNKOdak/1jfofkLYeT0E0cnvg=,1,622adinadin@gmail.com,false,2024-02-13 18:49:12.923000 +00:00,UTC,,false,1,true,AAWWQDUV5HPLMKA74WSPJ6AM2K3CVGJP
10,18,pbkdf2_sha256$600000$kCkebwWhML094LSxOiF4z2$45eSkuP5ED3VoQc5J0X2G44i1RHVtNsjYyxG77e1CxQ=,1,223adinadin@gmail.com,false,2024-02-13 18:49:05.555000 +00:00,UTC,,false,1,true,AAWWQDUV5HPLMKA74WSPJ6AM2K3CVGJP
11,13,pbkdf2_sha256$600000$pE2DZXvEnXI5I6fFZfL2c6$TKpBlOIXd2HMfdKRlHAOFWDuFGWjArqMGeYUmE9tr/Y=,1,22adinadsfsdfdin@gmail.com,false,2024-02-13 18:48:51.382000 +00:00,UTC,,false,1,true,AAWWQDUV5HPLMKA74WSPJ6AM2K3CVGJP
12,22,pbkdf2_sha256$600000$JGr0EPtyxBFJt2HYmr2tHe$jX8gT/4PEjnrQdT9NcH1Kwrrfs2t7Nalbjc0aNSJVHk=,1,test20@gmail.com,false,2024-02-13 18:49:14.172000 +00:00,UTC,,false,1,true,AAWWQDUV5HPLMKA74WSPJ6AM2K3CVGJP
13,25,pbkdf2_sha256$600000$pddT6vdoxuNQwFt97iHG84$aHZJiaCwmnc46jac1HuO1kazVdV9llLHaiWT89BVm6k=,1,22adinadin@gmail.com,false,2024-02-13 18:49:17.346000 +00:00,UTC,,false,1,true,AAWWQDUV5HPLMKA74WSPJ6AM2K3CVGJP
14,27,pbkdf2_sha256$600000$ACeF9hGBptoMOxasw8Jt9P$66iX1ek6vrgFdgBbOHaSO7diD4muZC0QveyTmBxSCIM=,1,22adindadin@gmail.com,false,2024-02-13 18:49:19.565000 +00:00,UTC,,false,1,true,AAWWQDUV5HPLMKA74WSPJ6AM2K3CVGJP
15,32,pbkdf2_sha256$600000$gr1QDvmQVIyIVUGDqdc6Me$OOdXcYx/+ZAoqeNZY215lNwAU/pj6OfpRUfpi7eJ1M8=,1,522adidnadin@gmail.com,false,2024-02-13 18:49:25.251000 +00:00,UTC,,false,1,true,AAWWQDUV5HPLMKA74WSPJ6AM2K3CVGJP
16,35,pbkdf2_sha256$600000$5v7jeNSbjBa8xDEMcn8LOC$itkKOQwRJbCTFfSSK9P3xWPnxPIKBoMKUvnvA4oJLqU=,2,merchtest2@gmail.com,false,2024-02-13 18:49:29.789000 +00:00,UTC,,false,1,true,AAWWQDUV5HPLMKA74WSPJ6AM2K3CVGJP
17,7,pbkdf2_sha256$600000$UjMTEnEBNI4AsSh7nV6UOm$hq6bGmMgB3vzEBhwXUBapNpDLZA/pLSBKfHwUzIu/VM=,1,sdfsfF3%dsfdd@gmail.com,false,2024-02-13 18:48:41.836000 +00:00,UTC,,false,1,true,AAWWQDUV5HPLMKA74WSPJ6AM2K3CVGJP
18,31,pbkdf2_sha256$600000$2gflQmG1ay9axZGQGH2C0p$b5uDDUg6i3hBeBMOGeMDtyiqtof7D31SqKuR9lZ7jO4=,1,22adindsadin@gmail.com,false,2024-02-13 18:49:23.984000 +00:00,UTC,,false,1,true,AAWWQDUV5HPLMKA74WSPJ6AM2K3CVGJP
19,1,pbkdf2_sha256$600000$e3CYsds5QlhBcIcDidvbGl$PVi7Tm41e489ayATZP9YUIPFb9ttirdKGLP8E1E9M08=,3,sergasobolenko@gmail.com,false,2023-12-28 12:17:18.803084 +00:00,UTC,2024-02-07 10:00:54.040309 +00:00,false,1,false,AAWWQDUV5HPLMKA74WSPJ6AM2K3CVGJP
20,14,pbkdf2_sha256$600000$scBvk1Pk44iU62jzf1KTU8$nGLetxrPnRf6hQe1gdGrNDVX2fVD9Rg5Ftx7wGgi18Q=,1,22adidsfnadin@gmail.com,false,2024-02-13 18:48:55.956000 +00:00,UTC,,false,1,true,AAWWQDUV5HPLMKA74WSPJ6AM2K3CVGJP
21,20,pbkdf2_sha256$600000$oHFKQ8M0dkdVmS40XuL4QB$viYskGTbnKfdUI73chQGKYQkFywITiTrohwyL/PlpQo=,1,522adinadin@gmail.com,false,2024-02-13 18:49:11.250000 +00:00,UTC,,false,1,true,AAWWQDUV5HPLMKA74WSPJ6AM2K3CVGJP
22,23,pbkdf2_sha256$600000$cHF9cV93IQJUzO5Lm1Gl9S$BLSROEgyCTZ+9rXvIjMBv5rP6ZzU5iq7TgLU5LppZZY=,1,test21@gmail.com,false,2024-02-13 18:49:15.234000 +00:00,UTC,,false,1,true,AAWWQDUV5HPLMKA74WSPJ6AM2K3CVGJP
23,3,pbkdf2_sha256$600000$PxfBA39q7JpMFC9ITiwsTw$9wKuWUbGeyhl12cP4iJft+qawa/F0P8cPXpR8hLWZmU=,2,test_merchant@gmail.com,false,2024-02-13 18:48:37.859000 +00:00,UTC,,false,1,true,AAWWQDUV5HPLMKA74WSPJ6AM2K3CVGJP
24,36,pbkdf2_sha256$600000$EK8lkStyEolTo5jKSCQVq2$4D/Yscl7R3JvioO+elX9w/tmgOafEkReo+YEEC5eL34=,1,422asddinadin@gmail.com,false,2024-02-13 18:49:30.783000 +00:00,UTC,,false,1,true,AAWWQDUV5HPLMKA74WSPJ6AM2K3CVGJP
25,15,pbkdf2_sha256$600000$hh4uMb4D8Yj7MTqYwybUJE$Fbv3zV5ez1oeuIRGzlU+NjDcZJVCyghdRLwGI1PQrFw=,1,22afffdinadin@gmail.com,false,2024-02-13 18:48:58.920000 +00:00,UTC,,false,1,true,AAWWQDUV5HPLMKA74WSPJ6AM2K3CVGJP
26,10,pbkdf2_sha256$600000$OUFsmYexA1MpcwckqXeTP0$sqIpyfwC7jT5pFgjgkGfLv6Z7J81Kejb+KvYxhb8K+Y=,1,22addsfinadin@gmail.com,false,2024-02-13 18:48:46.931000 +00:00,UTC,,false,1,true,AAWWQDUV5HPLMKA74WSPJ6AM2K3CVGJP
27,8,pbkdf2_sha256$600000$C0LqqgpIhyjjV5QDpunXoE$lNOLvmh1KRJEuhlwHaM/ht9n8jFdAKyz8oH43KdjODg=,1,sdfsfF3%ddsfd@gmail.com,false,2024-02-13 18:48:42.618000 +00:00,UTC,,false,1,true,AAWWQDUV5HPLMKA74WSPJ6AM2K3CVGJP
28,11,pbkdf2_sha256$600000$DSQNWBVTeRmtwDwT61HXQg$uTo8cOoWXqk0NnXEOI3mRjG3YdBICrEa014oXxkrsOw=,1,sdfsfF3sd%dsfd@gmail.com,false,2024-02-13 18:48:48.384000 +00:00,UTC,,false,1,true,AAWWQDUV5HPLMKA74WSPJ6AM2K3CVGJP
29,4,pbkdf2_sha256$600000$imX2akDlVjpy1iDKr3kFEj$Ie7UNpCh5niPfwqIpktUYscfxocqx1EKsXOEzoqSFz8=,1,trader1@gmail.com,false,2024-02-13 18:48:39.377000 +00:00,UTC,,false,1,true,AAWWQDUV5HPLMKA74WSPJ6AM2K3CVGJP
30,30,pbkdf2_sha256$600000$hVXbXNCmBGPAG5FAHvVkJE$iyKEDQ9ZMPBl6DdWo6xtfPPConE9ebigrHudfJObJ0s=,1,22adinadsdn@gmail.com,false,2024-02-13 18:49:22.762000 +00:00,UTC,,false,1,true,AAWWQDUV5HPLMKA74WSPJ6AM2K3CVGJP
31,16,pbkdf2_sha256$600000$aRUomIlZi1OpXiCBns9060$2HWkhF/1fMy4tSPPkTsNB3CNQ/ugSkK9DLTCXfCW1Ro=,1,22adinsdfsdfadin@gmail.com,false,2024-02-13 18:49:00.195000 +00:00,UTC,,false,1,true,AAWWQDUV5HPLMKA74WSPJ6AM2K3CVGJP
32,2,pbkdf2_sha256$600000$PxfBA39q7JpMFC9ITiwsTw$9wKuWUbGeyhl12cP4iJft+qawa/F0P8cPXpR8hLWZmU=,1,sabolotniiandr@gmail.com,false,2024-02-13 18:48:35.709000 +00:00,UTC,,false,1,true,AAWWQDUV5HPLMKA74WSPJ6AM2K3CVGJP
33,28,pbkdf2_sha256$600000$yXXXPe4PzYahWTltbjpUKY$bG8VGeBGZhQCRcj5pwWZNqR8MAh/Zj+o14i7JFmp4SY=,1,22adindddin@gmail.com,false,2024-02-13 18:49:20.737000 +00:00,UTC,,false,1,true,AAWWQDUV5HPLMKA74WSPJ6AM2K3CVGJP
34,26,pbkdf2_sha256$600000$H5XWRBzlJrh2pfEqUePsEy$8BfwLb01wWGRHhT13WJTdKb6qX9fKInRYz25yEE+6/Y=,1,22addinadin@gmail.com,false,2024-02-13 18:49:18.416000 +00:00,UTC,,false,1,true,AAWWQDUV5HPLMKA74WSPJ6AM2K3CVGJP
35,33,pbkdf2_sha256$600000$s6aY8V54Ffb6kNBNjnsqnv$PRVultTPGOxk945z1Qq59SgYqrY94flBcXJlVGgRgBI=,1,trader12@gmail.com,false,2024-02-02 13:51:27.526000 +00:00,UTC,2024-02-02 13:51:27.526769 +00:00,false,1,false,AAWWQDUV5HPLMKA74WSPJ6AM2K3CVGJP
36,24,pbkdf2_sha256$600000$YD3SxFncI4nq5oQYTgE3pz$ZIWQmGMghkZ5JI+/92XXKoCc9Fp+vLVJW4UIQGspp9E=,1,test22@gmail.com,false,2024-02-13 18:49:16.341000 +00:00,UTC,,false,1,true,AAWWQDUV5HPLMKA74WSPJ6AM2K3CVGJP
37,19,pbkdf2_sha256$600000$p52FiZVyXfhBGrY5AEgCgT$WwBskTl7ZL8s4KsplrQ9UUO5TZC1IeSquz6cLK2YFFE=,1,422adinadin@gmail.com,false,2024-02-11 19:17:20.398429 +00:00,UTC,2024-02-16 06:45:26.004376 +00:00,false,3,false,HHFGXYHYN4R6FNYE57AVBGHFOWCG6LHF
38,39,pbkdf2_sha256$600000$hJ0bzfEqgsBdG3EM2Gffcr$1PAO1SsE7cyqFlZ9ZiYGhn9hbGmf5N6HYmGTuo2kVN0=,1,somerandtradername@gmail.com,true,2024-02-16 07:08:48.144739 +00:00,UTC,2024-02-16 08:33:41.251330 +00:00,true,1,false,XFXZMGY4TDCNE6R5YP7K77SJJGRR55CB
